{
  "crossover_detected": false,
  "qfm_competitive_at_sizes": [],
  "qfm_best_accuracy": 0.15958333333333335,
  "qfm_best_accuracy_size": 200,
  "rf_best_accuracy": 0.32958333333333334,
  "gap_at_smallest_size": 0.023333333333333317,
  "smallest_train_size": 5
}