model,model_label,mean_stress_accuracy,mean_accuracy_drop_pct,worst_accuracy_drop_pct,mean_stress_macro_f1,mean_macro_f1_drop_pct,worst_condition
iq_cnn,Raw-IQ CNN,0.375,31.192660550458722,57.79816513761469,0.32088695720048416,30.742165291371446,frequency_offset
logistic_regression,Logistic Regression,0.33549999999999996,38.213627992633526,53.40699815837938,0.31788775460029356,41.28882185593736,impulsive_noise
simulated_quantum_feature_kernel_svm,Simulated QFM-Kernel SVM,0.25555555555555554,39.57307060755337,63.05418719211823,0.22362135003652062,47.053668094421404,low_snr
rbf_svm,RBF-SVM,0.327,39.88970588235295,56.25,0.30644226257680773,43.86384001893929,narrowband_jam
random_forest,Random Forest,0.327,42.32804232804232,62.25749559082893,0.29359003082341867,48.037403869293364,narrowband_jam
