model,model_label,mean_stress_accuracy,mean_accuracy_drop_pct,worst_accuracy_drop_pct,mean_stress_macro_f1,mean_macro_f1_drop_pct,worst_condition
classical_pca_rbf_svm,Classical PCA-RBF SVM,0.253125,38.01020408163265,59.693877551020414,0.2202219969009769,45.67765348230944,low_snr
logistic_regression,Logistic Regression,0.33758333333333335,39.09186588482935,56.06675687866487,0.3137142286091356,42.25588067383159,narrowband_jam
simulated_quantum_feature_kernel_svm,Simulated QFM-Kernel SVM,0.24548611111111107,40.18612521150592,60.91370558375634,0.21582838160913528,47.09713920000835,impulsive_noise
rbf_svm,RBF-SVM,0.32279166666666664,43.345034371800494,64.37033786748574,0.2941735341043307,48.01371799532604,narrowband_jam
random_forest,Random Forest,0.32633333333333336,44.89939496271282,63.6977627691009,0.2887028405478586,51.04500293456127,narrowband_jam
iq_cnn,Raw-IQ CNN,0.34,47.972456006120886,68.70696250956388,0.30728474461463134,50.69273734967816,narrowband_jam
