model,condition,examples,accuracy,macro_f1
iq_cnn,heldout_clean,55000,0.5585636363636364,0.5736458833316886
iq_cnn,clean,55000,0.5585636363636364,0.5736458833316886
iq_cnn,low_snr,55000,0.22305454545454545,0.2001830301426846
iq_cnn,narrowband_jam,55000,0.09090909090909091,0.046181780250673946
iq_cnn,broadband_jam,55000,0.33436363636363636,0.2937923415630896
iq_cnn,frequency_offset,55000,0.11603636363636363,0.038070779566358647
iq_cnn,multipath,55000,0.16825454545454546,0.09041333937325087
iq_cnn,impulsive_noise,55000,0.1032,0.06132999436717795
