epoch,train_loss,model,condition,examples,accuracy,macro_f1
1,2.1601201378504435,iq_cnn,heldout_clean,2200,0.12363636363636364,0.055131926160887315
2,1.9340005261103312,iq_cnn,heldout_clean,2200,0.09090909090909091,0.01515151515151515
3,1.8244372908274333,iq_cnn,heldout_clean,2200,0.13045454545454546,0.04831782756420911
4,1.7395880117416382,iq_cnn,heldout_clean,2200,0.2595454545454545,0.1711884299911091
5,1.637405514717102,iq_cnn,heldout_clean,2200,0.32136363636363635,0.26976378514565985
